insert into Users (id) values (1);
insert into Users (id) values (2);
insert into Users (id) values (3);
insert into Users (id) values (4);
insert into Users (id) values (5);
insert into Users (id) values (6);
insert into Users (id) values (7);
insert into Users (id) values (8);
insert into Users (id) values (9);
insert into Users (id) values (10);

insert into Interests (interest) values ('crime');
insert into Interests (interest) values ('fantasy');
insert into Interests (interest) values ('horror');

insert into Challenges (challenge_id, title, squirrel_id, racoon_id, num_of_total_turns, word_limit_per_turn, genre) values (1, 'Zoozzy', 5, 4, 4, 300, 'crime');
insert into Challenges (challenge_id, title, squirrel_id, racoon_id, num_of_total_turns, word_limit_per_turn, genre) values (2, 'Oyonder', 2, 5, 4, 500, 'crime');
insert into Challenges (challenge_id, title, squirrel_id, racoon_id, num_of_total_turns, word_limit_per_turn, genre) values (3, 'Oyondu', 5, 6, 6, 300, 'horror');
insert into Challenges (challenge_id, squirrel_id, racoon_id, num_of_total_turns, word_limit_per_turn, genre) values (4, 8, 2, 4, 500, 'horror');
insert into Challenges (challenge_id, squirrel_id, racoon_id, num_of_total_turns, word_limit_per_turn, genre) values (5,  9, 1, 6, 300, 'horror');
insert into Challenges (challenge_id, title, squirrel_id, racoon_id, num_of_total_turns, word_limit_per_turn, genre) values (6, 'Feedfish', 3, 1, 4, 300, 'crime');
insert into Challenges (challenge_id, title, squirrel_id, racoon_id, num_of_total_turns, word_limit_per_turn, genre) values (7, 'Nlounge', 2, 6, 4, 300, 'fantasy');
insert into Challenges (challenge_id, squirrel_id, racoon_id, num_of_total_turns, word_limit_per_turn, genre) values (8, 2, 7, 6, 500, 'crime');
insert into Challenges (challenge_id, title, squirrel_id, racoon_id, num_of_total_turns, word_limit_per_turn, genre) values (9, 'Jaxbean', 10, 2, 6, 500, 'fantasy');
insert into Challenges (challenge_id, title, squirrel_id, racoon_id, num_of_total_turns, word_limit_per_turn, genre) values (10, 'Kwimbee', 3, 4, 4, 500, 'fantasy');